<?xml version="1.0" encoding="UTF-8"?>
<gresources>
    <gresource prefix="/org/gnome/shell/theme"> 
    	<file>calendar-today-light.svg</file>
    	<file>calendar-today.svg</file>
    	<file>checkbox-focused.svg</file>
    	<file>checkbox-off-focused-light.svg</file>
		<file>checkbox-off-focused.svg</file>
		<file>checkbox-off-light.svg</file>
		<file>checkbox-off.svg</file>
		<file>checkbox.svg</file>
		<file>gnome-shell-high-contrast.css</file>
		<file>gnome-shell-start.svg</file>
		<file>gnome-shell.css</file>
		<file>pad-osd.css</file>
		<file>toggle-off-hc.svg</file>
		<file>toggle-off-light.svg</file>
		<file>toggle-off.svg</file>
		<file>toggle-on-hc.svg</file>
		<file>toggle-on-light.svg</file>
		<file>toggle-on.svg</file>
		<file>view-app-grid.svg</file>
		<file>arrow.svg</file>
    </gresource>
</gresources>